[
{
  "model": "actions.action",
  "pk": 1,
  "fields": {
    "user": 1,
    "verb": "likes",
    "created": "2022-12-01T17:10:30.366Z",
    "target_ct": 7,
    "target_id": 21
  }
},
{
  "model": "actions.action",
  "pk": 2,
  "fields": {
    "user": 1,
    "verb": "likes",
    "created": "2022-12-01T17:10:40.302Z",
    "target_ct": 7,
    "target_id": 19
  }
},
{
  "model": "actions.action",
  "pk": 3,
  "fields": {
    "user": 13,
    "verb": "has created account",
    "created": "2022-12-01T17:29:37.018Z",
    "target_ct": null,
    "target_id": null
  }
},
{
  "model": "actions.action",
  "pk": 4,
  "fields": {
    "user": 14,
    "verb": "has created account",
    "created": "2022-12-01T17:31:54.487Z",
    "target_ct": null,
    "target_id": null
  }
},
{
  "model": "actions.action",
  "pk": 5,
  "fields": {
    "user": 1,
    "verb": "is following",
    "created": "2022-12-01T17:57:34.427Z",
    "target_ct": 4,
    "target_id": 14
  }
},
{
  "model": "actions.action",
  "pk": 6,
  "fields": {
    "user": 1,
    "verb": "likes",
    "created": "2022-12-01T17:59:25.048Z",
    "target_ct": 7,
    "target_id": 18
  }
},
{
  "model": "actions.action",
  "pk": 7,
  "fields": {
    "user": 15,
    "verb": "has created account",
    "created": "2022-12-01T18:02:03.137Z",
    "target_ct": null,
    "target_id": null
  }
},
{
  "model": "actions.action",
  "pk": 8,
  "fields": {
    "user": 1,
    "verb": "likes",
    "created": "2022-12-01T18:25:50.622Z",
    "target_ct": 7,
    "target_id": 12
  }
},
{
  "model": "actions.action",
  "pk": 9,
  "fields": {
    "user": 1,
    "verb": "likes",
    "created": "2022-12-02T22:11:10.362Z",
    "target_ct": 7,
    "target_id": 19
  }
},
{
  "model": "actions.action",
  "pk": 10,
  "fields": {
    "user": 1,
    "verb": "is following",
    "created": "2022-12-02T22:12:27.308Z",
    "target_ct": 4,
    "target_id": 2
  }
},
{
  "model": "actions.action",
  "pk": 11,
  "fields": {
    "user": 1,
    "verb": "is following",
    "created": "2022-12-08T19:13:24.454Z",
    "target_ct": 4,
    "target_id": 1
  }
},
{
  "model": "actions.action",
  "pk": 12,
  "fields": {
    "user": 1,
    "verb": "is following",
    "created": "2022-12-08T19:15:39.130Z",
    "target_ct": 4,
    "target_id": 2
  }
},
{
  "model": "account.profile",
  "pk": 1,
  "fields": {
    "user": 1,
    "image": "profile_pics/Портрет_агронома_М.Е._Вьюнникова_124zc1i.jpg"
  }
},
{
  "model": "account.profile",
  "pk": 2,
  "fields": {
    "user": 4,
    "image": "default.jpg"
  }
},
{
  "model": "account.profile",
  "pk": 3,
  "fields": {
    "user": 5,
    "image": "default.jpg"
  }
},
{
  "model": "account.profile",
  "pk": 4,
  "fields": {
    "user": 6,
    "image": "default.jpg"
  }
},
{
  "model": "account.profile",
  "pk": 5,
  "fields": {
    "user": 7,
    "image": "default.jpg"
  }
},
{
  "model": "account.profile",
  "pk": 6,
  "fields": {
    "user": 8,
    "image": "default.jpg"
  }
},
{
  "model": "account.profile",
  "pk": 7,
  "fields": {
    "user": 9,
    "image": "media/default.jpg"
  }
},
{
  "model": "account.profile",
  "pk": 8,
  "fields": {
    "user": 10,
    "image": "media/default.jpg"
  }
},
{
  "model": "account.profile",
  "pk": 9,
  "fields": {
    "user": 11,
    "image": "media/default.jpg"
  }
},
{
  "model": "account.profile",
  "pk": 10,
  "fields": {
    "user": 12,
    "image": "media/default.jpg"
  }
},
{
  "model": "account.profile",
  "pk": 11,
  "fields": {
    "user": 13,
    "image": "media/default.jpg"
  }
},
{
  "model": "account.profile",
  "pk": 12,
  "fields": {
    "user": 14,
    "image": "media/default.jpg"
  }
},
{
  "model": "account.profile",
  "pk": 13,
  "fields": {
    "user": 15,
    "image": "media/default.jpg"
  }
},
{
  "model": "account.contacts",
  "pk": 1,
  "fields": {
    "user_from": 4,
    "user_to": 4,
    "created": "20:34:00.606"
  }
},
{
  "model": "account.contacts",
  "pk": 30,
  "fields": {
    "user_from": 1,
    "user_to": 11,
    "created": "20:00:04.096"
  }
},
{
  "model": "account.contacts",
  "pk": 31,
  "fields": {
    "user_from": 1,
    "user_to": 14,
    "created": "20:57:34.422"
  }
},
{
  "model": "account.contacts",
  "pk": 33,
  "fields": {
    "user_from": 1,
    "user_to": 1,
    "created": "22:13:24.433"
  }
},
{
  "model": "account.contacts",
  "pk": 34,
  "fields": {
    "user_from": 1,
    "user_to": 2,
    "created": "22:15:39.109"
  }
},
{
  "model": "notes.note",
  "pk": 11,
  "fields": {
    "title": "fdasf",
    "body": "asdfsaf",
    "slug": "",
    "author": 1,
    "status": "DF",
    "publish": "13:01:32.601",
    "created": "16:02:32.298",
    "updated": "16:02:32.298",
    "users_like": []
  }
},
{
  "model": "notes.note",
  "pk": 12,
  "fields": {
    "title": "l;kjsdf",
    "body": "lk;ajdsf;laksdj",
    "slug": "",
    "author": 1,
    "status": "DF",
    "publish": "13:01:32.601",
    "created": "16:03:16.231",
    "updated": "16:03:16.231",
    "users_like": []
  }
},
{
  "model": "notes.note",
  "pk": 13,
  "fields": {
    "title": "asdfasdf",
    "body": "asdfasdf",
    "slug": "",
    "author": 1,
    "status": "DF",
    "publish": "13:01:32.601",
    "created": "16:03:50.986",
    "updated": "16:03:50.986",
    "users_like": []
  }
},
{
  "model": "notes.note",
  "pk": 14,
  "fields": {
    "title": "adfasd",
    "body": "dsafsadf",
    "slug": "",
    "author": 1,
    "status": "DF",
    "publish": "19:30:22.615",
    "created": "22:30:22.624",
    "updated": "22:30:22.624",
    "users_like": []
  }
},
{
  "model": "notes.note",
  "pk": 15,
  "fields": {
    "title": "adfasd",
    "body": "dsafsadf",
    "slug": "",
    "author": 1,
    "status": "DF",
    "publish": "19:30:39.813",
    "created": "22:30:39.823",
    "updated": "22:30:39.823",
    "users_like": []
  }
},
{
  "model": "notes.note",
  "pk": 16,
  "fields": {
    "title": "adfasd",
    "body": "dsafsadf",
    "slug": "",
    "author": 1,
    "status": "DF",
    "publish": "19:31:01.811",
    "created": "22:31:01.815",
    "updated": "22:31:01.815",
    "users_like": []
  }
},
{
  "model": "notes.note",
  "pk": 17,
  "fields": {
    "title": "l;aksjdfljadslkfh",
    "body": "dfjaldj kfad jdlkaf",
    "slug": "",
    "author": 1,
    "status": "DF",
    "publish": "17:06:42.850",
    "created": "20:06:42.853",
    "updated": "20:06:42.853",
    "users_like": []
  }
},
{
  "model": "notes.note",
  "pk": 18,
  "fields": {
    "title": "Title",
    "body": "testing title",
    "slug": "",
    "author": 4,
    "status": "DF",
    "publish": "07:27:38.686",
    "created": "10:27:38.694",
    "updated": "10:27:38.694",
    "users_like": [
      1
    ]
  }
},
{
  "model": "notes.note",
  "pk": 19,
  "fields": {
    "title": "titititititiitit",
    "body": "sadf",
    "slug": "",
    "author": 1,
    "status": "DF",
    "publish": "09:08:17.898",
    "created": "12:08:17.908",
    "updated": "12:08:17.908",
    "users_like": []
  }
},
{
  "model": "notes.note",
  "pk": 20,
  "fields": {
    "title": "newest",
    "body": "dsafasdfasklf;wq jfcoijw 'ij'wp g3[w g'3pwjg \r\n3g'pjwf 'ij 'igj 'gij 'erj 'iajef'po'ksf'mdfn3i4j g3qw4 t3qik jdslaf",
    "slug": "",
    "author": 1,
    "status": "DF",
    "publish": "09:13:42.717",
    "created": "12:13:42.726",
    "updated": "12:13:42.726",
    "users_like": []
  }
},
{
  "model": "notes.note",
  "pk": 21,
  "fields": {
    "title": "New with likes",
    "body": "This one is likeable.",
    "slug": "",
    "author": 1,
    "status": "DF",
    "publish": "18:46:15.642",
    "created": "21:46:15.652",
    "updated": "21:46:15.652",
    "users_like": [
      1
    ]
  }
},
{
  "model": "notes.comment",
  "pk": 1,
  "fields": {
    "author": 2,
    "note": 18,
    "created": "12:18:24.211",
    "updated": "12:18:24.211",
    "body": "commetn",
    "active": true
  }
},
{
  "model": "notes.comment",
  "pk": 2,
  "fields": {
    "author": 1,
    "note": 18,
    "created": "12:21:01.577",
    "updated": "12:21:01.577",
    "body": "fsadfasdfasdf",
    "active": true
  }
},
{
  "model": "notes.comment",
  "pk": 3,
  "fields": {
    "author": 1,
    "note": 18,
    "created": "12:21:08.944",
    "updated": "12:21:08.944",
    "body": "adsfasdfasdf4wgrwwn42h",
    "active": true
  }
},
{
  "model": "notes.comment",
  "pk": 4,
  "fields": {
    "author": 6,
    "note": 18,
    "created": "19:14:40.034",
    "updated": "19:14:40.034",
    "body": "Another dope comment",
    "active": true
  }
},
{
  "model": "notes.comment",
  "pk": 5,
  "fields": {
    "author": 7,
    "note": 18,
    "created": "18:08:40.723",
    "updated": "18:08:40.723",
    "body": "new comment",
    "active": true
  }
},
{
  "model": "admin.logentry",
  "pk": 1,
  "fields": {
    "action_time": "2022-10-31T10:06:15.518Z",
    "user": 1,
    "content_type": 7,
    "object_id": "1",
    "object_repr": "fadsf_NOTE",
    "action_flag": 1,
    "change_message": "[{\"added\": {}}]"
  }
},
{
  "model": "admin.logentry",
  "pk": 2,
  "fields": {
    "action_time": "2022-11-02T09:21:38.152Z",
    "user": 1,
    "content_type": 8,
    "object_id": "1",
    "object_repr": "Profile object (1)",
    "action_flag": 1,
    "change_message": "[{\"added\": {}}]"
  }
},
{
  "model": "admin.logentry",
  "pk": 3,
  "fields": {
    "action_time": "2022-11-03T09:09:54.663Z",
    "user": 1,
    "content_type": 7,
    "object_id": "10",
    "object_repr": "dasfdfasd_NOTE",
    "action_flag": 3,
    "change_message": ""
  }
},
{
  "model": "admin.logentry",
  "pk": 4,
  "fields": {
    "action_time": "2022-11-03T09:09:54.674Z",
    "user": 1,
    "content_type": 7,
    "object_id": "9",
    "object_repr": "dasfdfasd_NOTE",
    "action_flag": 3,
    "change_message": ""
  }
},
{
  "model": "admin.logentry",
  "pk": 5,
  "fields": {
    "action_time": "2022-11-03T09:09:54.682Z",
    "user": 1,
    "content_type": 7,
    "object_id": "8",
    "object_repr": "fuhasdlfkjashd_NOTE",
    "action_flag": 3,
    "change_message": ""
  }
},
{
  "model": "admin.logentry",
  "pk": 6,
  "fields": {
    "action_time": "2022-11-03T09:09:54.692Z",
    "user": 1,
    "content_type": 7,
    "object_id": "7",
    "object_repr": "fuhasdlfkjashd_NOTE",
    "action_flag": 3,
    "change_message": ""
  }
},
{
  "model": "admin.logentry",
  "pk": 7,
  "fields": {
    "action_time": "2022-11-03T09:09:54.701Z",
    "user": 1,
    "content_type": 7,
    "object_id": "6",
    "object_repr": "fuhasdlfkjashd_NOTE",
    "action_flag": 3,
    "change_message": ""
  }
},
{
  "model": "admin.logentry",
  "pk": 8,
  "fields": {
    "action_time": "2022-11-03T09:09:54.710Z",
    "user": 1,
    "content_type": 7,
    "object_id": "5",
    "object_repr": "fffff_NOTE",
    "action_flag": 3,
    "change_message": ""
  }
},
{
  "model": "admin.logentry",
  "pk": 9,
  "fields": {
    "action_time": "2022-11-03T09:09:54.719Z",
    "user": 1,
    "content_type": 7,
    "object_id": "4",
    "object_repr": "jhjjj_NOTE",
    "action_flag": 3,
    "change_message": ""
  }
},
{
  "model": "admin.logentry",
  "pk": 10,
  "fields": {
    "action_time": "2022-11-03T09:09:54.728Z",
    "user": 1,
    "content_type": 7,
    "object_id": "3",
    "object_repr": "dsafasdsaf_NOTE",
    "action_flag": 3,
    "change_message": ""
  }
},
{
  "model": "admin.logentry",
  "pk": 11,
  "fields": {
    "action_time": "2022-11-03T09:09:54.737Z",
    "user": 1,
    "content_type": 7,
    "object_id": "2",
    "object_repr": "dsafasdsaf_NOTE",
    "action_flag": 3,
    "change_message": ""
  }
},
{
  "model": "admin.logentry",
  "pk": 12,
  "fields": {
    "action_time": "2022-11-03T09:09:54.747Z",
    "user": 1,
    "content_type": 7,
    "object_id": "1",
    "object_repr": "fadsf_NOTE",
    "action_flag": 3,
    "change_message": ""
  }
},
{
  "model": "admin.logentry",
  "pk": 13,
  "fields": {
    "action_time": "2022-11-03T09:18:24.216Z",
    "user": 1,
    "content_type": 9,
    "object_id": "1",
    "object_repr": "ge_comment_on_Title",
    "action_flag": 1,
    "change_message": "[{\"added\": {}}]"
  }
},
{
  "model": "admin.logentry",
  "pk": 14,
  "fields": {
    "action_time": "2022-11-28T17:34:00.610Z",
    "user": 1,
    "content_type": 10,
    "object_id": "1",
    "object_repr": "gege_follows_gege",
    "action_flag": 1,
    "change_message": "[{\"added\": {}}]"
  }
},
{
  "model": "auth.permission",
  "pk": 1,
  "fields": {
    "name": "Can add log entry",
    "content_type": 1,
    "codename": "add_logentry"
  }
},
{
  "model": "auth.permission",
  "pk": 2,
  "fields": {
    "name": "Can change log entry",
    "content_type": 1,
    "codename": "change_logentry"
  }
},
{
  "model": "auth.permission",
  "pk": 3,
  "fields": {
    "name": "Can delete log entry",
    "content_type": 1,
    "codename": "delete_logentry"
  }
},
{
  "model": "auth.permission",
  "pk": 4,
  "fields": {
    "name": "Can view log entry",
    "content_type": 1,
    "codename": "view_logentry"
  }
},
{
  "model": "auth.permission",
  "pk": 5,
  "fields": {
    "name": "Can add permission",
    "content_type": 2,
    "codename": "add_permission"
  }
},
{
  "model": "auth.permission",
  "pk": 6,
  "fields": {
    "name": "Can change permission",
    "content_type": 2,
    "codename": "change_permission"
  }
},
{
  "model": "auth.permission",
  "pk": 7,
  "fields": {
    "name": "Can delete permission",
    "content_type": 2,
    "codename": "delete_permission"
  }
},
{
  "model": "auth.permission",
  "pk": 8,
  "fields": {
    "name": "Can view permission",
    "content_type": 2,
    "codename": "view_permission"
  }
},
{
  "model": "auth.permission",
  "pk": 9,
  "fields": {
    "name": "Can add group",
    "content_type": 3,
    "codename": "add_group"
  }
},
{
  "model": "auth.permission",
  "pk": 10,
  "fields": {
    "name": "Can change group",
    "content_type": 3,
    "codename": "change_group"
  }
},
{
  "model": "auth.permission",
  "pk": 11,
  "fields": {
    "name": "Can delete group",
    "content_type": 3,
    "codename": "delete_group"
  }
},
{
  "model": "auth.permission",
  "pk": 12,
  "fields": {
    "name": "Can view group",
    "content_type": 3,
    "codename": "view_group"
  }
},
{
  "model": "auth.permission",
  "pk": 13,
  "fields": {
    "name": "Can add user",
    "content_type": 4,
    "codename": "add_user"
  }
},
{
  "model": "auth.permission",
  "pk": 14,
  "fields": {
    "name": "Can change user",
    "content_type": 4,
    "codename": "change_user"
  }
},
{
  "model": "auth.permission",
  "pk": 15,
  "fields": {
    "name": "Can delete user",
    "content_type": 4,
    "codename": "delete_user"
  }
},
{
  "model": "auth.permission",
  "pk": 16,
  "fields": {
    "name": "Can view user",
    "content_type": 4,
    "codename": "view_user"
  }
},
{
  "model": "auth.permission",
  "pk": 17,
  "fields": {
    "name": "Can add content type",
    "content_type": 5,
    "codename": "add_contenttype"
  }
},
{
  "model": "auth.permission",
  "pk": 18,
  "fields": {
    "name": "Can change content type",
    "content_type": 5,
    "codename": "change_contenttype"
  }
},
{
  "model": "auth.permission",
  "pk": 19,
  "fields": {
    "name": "Can delete content type",
    "content_type": 5,
    "codename": "delete_contenttype"
  }
},
{
  "model": "auth.permission",
  "pk": 20,
  "fields": {
    "name": "Can view content type",
    "content_type": 5,
    "codename": "view_contenttype"
  }
},
{
  "model": "auth.permission",
  "pk": 21,
  "fields": {
    "name": "Can add session",
    "content_type": 6,
    "codename": "add_session"
  }
},
{
  "model": "auth.permission",
  "pk": 22,
  "fields": {
    "name": "Can change session",
    "content_type": 6,
    "codename": "change_session"
  }
},
{
  "model": "auth.permission",
  "pk": 23,
  "fields": {
    "name": "Can delete session",
    "content_type": 6,
    "codename": "delete_session"
  }
},
{
  "model": "auth.permission",
  "pk": 24,
  "fields": {
    "name": "Can view session",
    "content_type": 6,
    "codename": "view_session"
  }
},
{
  "model": "auth.permission",
  "pk": 25,
  "fields": {
    "name": "Can add note",
    "content_type": 7,
    "codename": "add_note"
  }
},
{
  "model": "auth.permission",
  "pk": 26,
  "fields": {
    "name": "Can change note",
    "content_type": 7,
    "codename": "change_note"
  }
},
{
  "model": "auth.permission",
  "pk": 27,
  "fields": {
    "name": "Can delete note",
    "content_type": 7,
    "codename": "delete_note"
  }
},
{
  "model": "auth.permission",
  "pk": 28,
  "fields": {
    "name": "Can view note",
    "content_type": 7,
    "codename": "view_note"
  }
},
{
  "model": "auth.permission",
  "pk": 29,
  "fields": {
    "name": "Can add profile",
    "content_type": 8,
    "codename": "add_profile"
  }
},
{
  "model": "auth.permission",
  "pk": 30,
  "fields": {
    "name": "Can change profile",
    "content_type": 8,
    "codename": "change_profile"
  }
},
{
  "model": "auth.permission",
  "pk": 31,
  "fields": {
    "name": "Can delete profile",
    "content_type": 8,
    "codename": "delete_profile"
  }
},
{
  "model": "auth.permission",
  "pk": 32,
  "fields": {
    "name": "Can view profile",
    "content_type": 8,
    "codename": "view_profile"
  }
},
{
  "model": "auth.permission",
  "pk": 33,
  "fields": {
    "name": "Can add comment",
    "content_type": 9,
    "codename": "add_comment"
  }
},
{
  "model": "auth.permission",
  "pk": 34,
  "fields": {
    "name": "Can change comment",
    "content_type": 9,
    "codename": "change_comment"
  }
},
{
  "model": "auth.permission",
  "pk": 35,
  "fields": {
    "name": "Can delete comment",
    "content_type": 9,
    "codename": "delete_comment"
  }
},
{
  "model": "auth.permission",
  "pk": 36,
  "fields": {
    "name": "Can view comment",
    "content_type": 9,
    "codename": "view_comment"
  }
},
{
  "model": "auth.permission",
  "pk": 37,
  "fields": {
    "name": "Can add contacts",
    "content_type": 10,
    "codename": "add_contacts"
  }
},
{
  "model": "auth.permission",
  "pk": 38,
  "fields": {
    "name": "Can change contacts",
    "content_type": 10,
    "codename": "change_contacts"
  }
},
{
  "model": "auth.permission",
  "pk": 39,
  "fields": {
    "name": "Can delete contacts",
    "content_type": 10,
    "codename": "delete_contacts"
  }
},
{
  "model": "auth.permission",
  "pk": 40,
  "fields": {
    "name": "Can view contacts",
    "content_type": 10,
    "codename": "view_contacts"
  }
},
{
  "model": "auth.permission",
  "pk": 41,
  "fields": {
    "name": "Can add action",
    "content_type": 11,
    "codename": "add_action"
  }
},
{
  "model": "auth.permission",
  "pk": 42,
  "fields": {
    "name": "Can change action",
    "content_type": 11,
    "codename": "change_action"
  }
},
{
  "model": "auth.permission",
  "pk": 43,
  "fields": {
    "name": "Can delete action",
    "content_type": 11,
    "codename": "delete_action"
  }
},
{
  "model": "auth.permission",
  "pk": 44,
  "fields": {
    "name": "Can view action",
    "content_type": 11,
    "codename": "view_action"
  }
},
{
  "model": "auth.permission",
  "pk": 45,
  "fields": {
    "name": "Can add source",
    "content_type": 12,
    "codename": "add_source"
  }
},
{
  "model": "auth.permission",
  "pk": 46,
  "fields": {
    "name": "Can change source",
    "content_type": 12,
    "codename": "change_source"
  }
},
{
  "model": "auth.permission",
  "pk": 47,
  "fields": {
    "name": "Can delete source",
    "content_type": 12,
    "codename": "delete_source"
  }
},
{
  "model": "auth.permission",
  "pk": 48,
  "fields": {
    "name": "Can view source",
    "content_type": 12,
    "codename": "view_source"
  }
},
{
  "model": "auth.permission",
  "pk": 49,
  "fields": {
    "name": "Can add thumbnail",
    "content_type": 13,
    "codename": "add_thumbnail"
  }
},
{
  "model": "auth.permission",
  "pk": 50,
  "fields": {
    "name": "Can change thumbnail",
    "content_type": 13,
    "codename": "change_thumbnail"
  }
},
{
  "model": "auth.permission",
  "pk": 51,
  "fields": {
    "name": "Can delete thumbnail",
    "content_type": 13,
    "codename": "delete_thumbnail"
  }
},
{
  "model": "auth.permission",
  "pk": 52,
  "fields": {
    "name": "Can view thumbnail",
    "content_type": 13,
    "codename": "view_thumbnail"
  }
},
{
  "model": "auth.permission",
  "pk": 53,
  "fields": {
    "name": "Can add thumbnail dimensions",
    "content_type": 14,
    "codename": "add_thumbnaildimensions"
  }
},
{
  "model": "auth.permission",
  "pk": 54,
  "fields": {
    "name": "Can change thumbnail dimensions",
    "content_type": 14,
    "codename": "change_thumbnaildimensions"
  }
},
{
  "model": "auth.permission",
  "pk": 55,
  "fields": {
    "name": "Can delete thumbnail dimensions",
    "content_type": 14,
    "codename": "delete_thumbnaildimensions"
  }
},
{
  "model": "auth.permission",
  "pk": 56,
  "fields": {
    "name": "Can view thumbnail dimensions",
    "content_type": 14,
    "codename": "view_thumbnaildimensions"
  }
},
{
  "model": "auth.user",
  "pk": 1,
  "fields": {
    "password": "pbkdf2_sha256$390000$tLWLLFkVKpz5mDNWkxeP0g$WDY6+6ofTv2TH4GLf3aqICJqzXLY8hsPgBQzmiLLfhE=",
    "last_login": "2022-12-01T18:03:08.901Z",
    "is_superuser": true,
    "username": "root",
    "first_name": "",
    "last_name": "",
    "email": "root@djfalssk.com",
    "is_staff": true,
    "is_active": true,
    "date_joined": "2022-10-31T10:05:46.672Z",
    "groups": [],
    "user_permissions": []
  }
},
{
  "model": "auth.user",
  "pk": 2,
  "fields": {
    "password": "pbkdf2_sha256$390000$nTs8wBTL80s4WFr8c7JzkS$Q3zcJPPgcjgRSQTIMG3xA13Q/xY3g/S0lw2Gvl0YRa8=",
    "last_login": "2022-11-02T18:01:19.939Z",
    "is_superuser": false,
    "username": "ge",
    "first_name": "",
    "last_name": "",
    "email": "ge@gmail.com",
    "is_staff": false,
    "is_active": true,
    "date_joined": "2022-11-02T18:01:06.087Z",
    "groups": [],
    "user_permissions": []
  }
},
{
  "model": "auth.user",
  "pk": 3,
  "fields": {
    "password": "pbkdf2_sha256$390000$4hqYq9ZwZXJkl5L1pTxZFr$mGX6ZegBHO9Q3HyIml8KDWjLWw8ylr2/2ax4SK4kTjQ=",
    "last_login": null,
    "is_superuser": false,
    "username": "adsf",
    "first_name": "",
    "last_name": "",
    "email": "afd@gmail.com",
    "is_staff": false,
    "is_active": true,
    "date_joined": "2022-11-02T18:52:47.161Z",
    "groups": [],
    "user_permissions": []
  }
},
{
  "model": "auth.user",
  "pk": 4,
  "fields": {
    "password": "pbkdf2_sha256$390000$sQ79CiyXubwWdQAT7tmdbg$7tbmA7+3e2KS9uIpi5xdo/m7alw9Wm0PGQgHkBL+vhY=",
    "last_login": "2022-11-03T07:27:06.795Z",
    "is_superuser": false,
    "username": "gege",
    "first_name": "",
    "last_name": "",
    "email": "affdd@gmail.com",
    "is_staff": false,
    "is_active": true,
    "date_joined": "2022-11-02T18:53:45.719Z",
    "groups": [],
    "user_permissions": []
  }
},
{
  "model": "auth.user",
  "pk": 5,
  "fields": {
    "password": "pbkdf2_sha256$390000$NHAdytdyPq1j3u8DDgosR2$MdtO0AbFnxB837kyHzLB2rhnBLxlz+N4FACbMcxLXmQ=",
    "last_login": null,
    "is_superuser": false,
    "username": "Default",
    "first_name": "",
    "last_name": "",
    "email": "def@gmail.com",
    "is_staff": false,
    "is_active": true,
    "date_joined": "2022-11-04T16:12:36.488Z",
    "groups": [],
    "user_permissions": []
  }
},
{
  "model": "auth.user",
  "pk": 6,
  "fields": {
    "password": "pbkdf2_sha256$390000$hTZWN0vjabvpwv3AyG6af4$fbwBGS3lS3lSFS5HeFCly3u/T683FuyUv9BeDXVGD78=",
    "last_login": "2022-11-04T16:14:12.760Z",
    "is_superuser": false,
    "username": "def",
    "first_name": "",
    "last_name": "",
    "email": "ddafef@gmail.com",
    "is_staff": false,
    "is_active": true,
    "date_joined": "2022-11-04T16:14:04.532Z",
    "groups": [],
    "user_permissions": []
  }
},
{
  "model": "auth.user",
  "pk": 7,
  "fields": {
    "password": "pbkdf2_sha256$390000$Scgychq9Kjr8YhczltxULf$w95p1nIuKsqgP64gDzHgSl7eAdO6GOHmlKf878itJzc=",
    "last_login": "2022-11-08T15:08:23.558Z",
    "is_superuser": false,
    "username": "Gleb",
    "first_name": "",
    "last_name": "",
    "email": "gleb@adenisov.com",
    "is_staff": false,
    "is_active": true,
    "date_joined": "2022-11-08T15:08:15.046Z",
    "groups": [],
    "user_permissions": []
  }
},
{
  "model": "auth.user",
  "pk": 8,
  "fields": {
    "password": "pbkdf2_sha256$390000$aYyOSkwrkpy1dEodzv0zi1$oHj13CMhVsB4pcqKkLBkeObldeABBS+B/i6u5mdguuc=",
    "last_login": null,
    "is_superuser": false,
    "username": "rooot",
    "first_name": "",
    "last_name": "",
    "email": "rooot@gmail.com",
    "is_staff": false,
    "is_active": true,
    "date_joined": "2022-11-28T18:22:39.050Z",
    "groups": [],
    "user_permissions": []
  }
},
{
  "model": "auth.user",
  "pk": 9,
  "fields": {
    "password": "pbkdf2_sha256$390000$wIm8KfCyQrRZdlduH6gEgk$4PYEu/ssGXSgQGSzoCSngGWrkGU4giEOcX+jmC8MgK8=",
    "last_login": null,
    "is_superuser": false,
    "username": "roma",
    "first_name": "",
    "last_name": "",
    "email": "rot@gmail.com",
    "is_staff": false,
    "is_active": true,
    "date_joined": "2022-11-28T18:24:10.691Z",
    "groups": [],
    "user_permissions": []
  }
},
{
  "model": "auth.user",
  "pk": 10,
  "fields": {
    "password": "pbkdf2_sha256$390000$BaqlRmZMNekWewI8gy1okC$WokRe+cmcAlItobvXIs3ReMiHsbcMmJJ7hzi1C4e00I=",
    "last_login": "2022-11-28T18:25:20.274Z",
    "is_superuser": false,
    "username": "rome",
    "first_name": "",
    "last_name": "",
    "email": "rot@gmail.com",
    "is_staff": false,
    "is_active": true,
    "date_joined": "2022-11-28T18:25:08.792Z",
    "groups": [],
    "user_permissions": []
  }
},
{
  "model": "auth.user",
  "pk": 11,
  "fields": {
    "password": "pbkdf2_sha256$390000$PYLXwLNFKUkpXvydNve3a6$G6EorEO+2nDVoucB2aEQqKxmm5XLoPtEBiCf0IpfhHw=",
    "last_login": "2022-11-30T16:44:33.999Z",
    "is_superuser": false,
    "username": "roman",
    "first_name": "",
    "last_name": "",
    "email": "roman@gmail.com",
    "is_staff": false,
    "is_active": true,
    "date_joined": "2022-11-30T16:44:29.300Z",
    "groups": [],
    "user_permissions": []
  }
},
{
  "model": "auth.user",
  "pk": 12,
  "fields": {
    "password": "pbkdf2_sha256$390000$HbxX73fPINJxhY77JYM87u$DAVwEG4T/0Io6CtWt9+4xt6OeBCqyLN6M/exiEDlv2A=",
    "last_login": null,
    "is_superuser": false,
    "username": "hesoyama",
    "first_name": "",
    "last_name": "",
    "email": "hesoyam@gmail.com",
    "is_staff": false,
    "is_active": true,
    "date_joined": "2022-12-01T17:11:13.611Z",
    "groups": [],
    "user_permissions": []
  }
},
{
  "model": "auth.user",
  "pk": 13,
  "fields": {
    "password": "pbkdf2_sha256$390000$MRjJcI1tKaGMrM45fVKRMU$QUlniGlY2qMBQD899Ht/iX0MrF8A0uTCrAZDSyYH/VQ=",
    "last_login": null,
    "is_superuser": false,
    "username": "hesoya",
    "first_name": "",
    "last_name": "",
    "email": "hesoyam@gmail.com",
    "is_staff": false,
    "is_active": true,
    "date_joined": "2022-12-01T17:29:36.819Z",
    "groups": [],
    "user_permissions": []
  }
},
{
  "model": "auth.user",
  "pk": 14,
  "fields": {
    "password": "pbkdf2_sha256$390000$xovJGLFxvmAnmVT5WpYBa3$PgJ/rFEPoB8rk1lzNsX1zdsv3fvePRu6Ir7mE6/OjwI=",
    "last_login": "2022-12-01T17:35:54.642Z",
    "is_superuser": false,
    "username": "hesos",
    "first_name": "",
    "last_name": "",
    "email": "f@gmail.com",
    "is_staff": false,
    "is_active": true,
    "date_joined": "2022-12-01T17:31:54.356Z",
    "groups": [],
    "user_permissions": []
  }
},
{
  "model": "auth.user",
  "pk": 15,
  "fields": {
    "password": "pbkdf2_sha256$390000$Gd6rCdwR2lom335mKweSdR$h/w97HLA6t3yVWR54ZEW1de9Q2MTBfYMzDDnGmWeqAw=",
    "last_login": "2022-12-01T18:02:07.857Z",
    "is_superuser": false,
    "username": "fff",
    "first_name": "",
    "last_name": "",
    "email": "f@gmail.com",
    "is_staff": false,
    "is_active": true,
    "date_joined": "2022-12-01T18:02:02.955Z",
    "groups": [],
    "user_permissions": []
  }
},
{
  "model": "contenttypes.contenttype",
  "pk": 1,
  "fields": {
    "app_label": "admin",
    "model": "logentry"
  }
},
{
  "model": "contenttypes.contenttype",
  "pk": 2,
  "fields": {
    "app_label": "auth",
    "model": "permission"
  }
},
{
  "model": "contenttypes.contenttype",
  "pk": 3,
  "fields": {
    "app_label": "auth",
    "model": "group"
  }
},
{
  "model": "contenttypes.contenttype",
  "pk": 4,
  "fields": {
    "app_label": "auth",
    "model": "user"
  }
},
{
  "model": "contenttypes.contenttype",
  "pk": 5,
  "fields": {
    "app_label": "contenttypes",
    "model": "contenttype"
  }
},
{
  "model": "contenttypes.contenttype",
  "pk": 6,
  "fields": {
    "app_label": "sessions",
    "model": "session"
  }
},
{
  "model": "contenttypes.contenttype",
  "pk": 7,
  "fields": {
    "app_label": "notes",
    "model": "note"
  }
},
{
  "model": "contenttypes.contenttype",
  "pk": 8,
  "fields": {
    "app_label": "account",
    "model": "profile"
  }
},
{
  "model": "contenttypes.contenttype",
  "pk": 9,
  "fields": {
    "app_label": "notes",
    "model": "comment"
  }
},
{
  "model": "contenttypes.contenttype",
  "pk": 10,
  "fields": {
    "app_label": "account",
    "model": "contacts"
  }
},
{
  "model": "contenttypes.contenttype",
  "pk": 11,
  "fields": {
    "app_label": "actions",
    "model": "action"
  }
},
{
  "model": "contenttypes.contenttype",
  "pk": 12,
  "fields": {
    "app_label": "easy_thumbnails",
    "model": "source"
  }
},
{
  "model": "contenttypes.contenttype",
  "pk": 13,
  "fields": {
    "app_label": "easy_thumbnails",
    "model": "thumbnail"
  }
},
{
  "model": "contenttypes.contenttype",
  "pk": 14,
  "fields": {
    "app_label": "easy_thumbnails",
    "model": "thumbnaildimensions"
  }
},
{
  "model": "sessions.session",
  "pk": "a7bw11tj08mm9wi1olylo8l8od7u0xsm",
  "fields": {
    "session_data": ".eJxVjMsOwiAQRf-FtSE8LIJL9_0GMswwUjWQlHZl_HfbpAvdnnPufYsI61Li2vMcJxJX4cTplyXAZ667oAfUe5PY6jJPSe6JPGyXY6P8uh3t30GBXra19j5oT0Z59tY6xeAGg0FZZtCcsjMMiHTGTITOq0tCw25gs4GkghafL-lbOMg:1oqzKe:XZN-gsnnEv3ndf_nXshqmT5lrUQZBRuLPMlHPoTwMfQ",
    "expire_date": "2022-11-18T16:14:12.781Z"
  }
},
{
  "model": "sessions.session",
  "pk": "hofpywmu7rkc0g1lqg6yzc5k9ggfstnb",
  "fields": {
    "session_data": ".eJxVjDkOwjAUBe_iGllegu1Q0nOG6G_gALKlOKkQdwdLKaB9M_NeaoJtzdPWZJlmVidl1eF3Q6CHlA74DuVWNdWyLjPqruidNn2pLM_z7v4dZGj5Ww8uOk8mYgxgTEw-DcankFiSjCFejyEF671YJCRHxFZY0HhkGLus3h-20Td5:1oqGhg:mZNid9gxjvI_E-CmzyrBCsOagoMCV5ZfdqpzQNwd7nI",
    "expire_date": "2022-11-16T16:35:00.648Z"
  }
},
{
  "model": "sessions.session",
  "pk": "ms8do8t2spyovyy4pixaf4lmzjklgfk0",
  "fields": {
    "session_data": ".eJxVjM0OwiAQhN-FsyGwbvnx6N1nIOxCpWogKe3J-O62SQ96mmS-b-YtQlyXEtae5zAlcREoTr8dRX7muoP0iPXeJLe6zBPJXZEH7fLWUn5dD_fvoMRetrVWhv0I4AwAYT6TS96OGL2lgXFLVDERW1DeZwCNzjOgycw8kNUoPl_RYzd6:1oqUcF:Qi9OCCT3kb3IHR9iVEhKvNKeSBlCbdmcCYfnpuysCaw",
    "expire_date": "2022-11-17T07:26:19.485Z"
  }
},
{
  "model": "sessions.session",
  "pk": "u4dp1dx5amwp03ag2md5fz9xapr2uxwi",
  "fields": {
    "session_data": ".eJxVjDkOwjAUBe_iGllegu1Q0nOG6G_gALKlOKkQdwdLKaB9M_NeaoJtzdPWZJlmVidl1eF3Q6CHlA74DuVWNdWyLjPqruidNn2pLM_z7v4dZGj5Ww8uOk8mYgxgTEw-DcankFiSjCFejyEF671YJCRHxFZY0HhkGLus3h-20Td5:1ozit8:IbAIzD-kjQipytQpp3ea4jPlPF7F7OU18AUmXJ29MMQ",
    "expire_date": "2022-12-12T18:29:54.178Z"
  }
},
{
  "model": "sessions.session",
  "pk": "uuo9nc94jzapi0od70ywzqmmwcbquufz",
  "fields": {
    "session_data": ".eJxVjDkOwjAUBe_iGllegu1Q0nOG6G_gALKlOKkQdwdLKaB9M_NeaoJtzdPWZJlmVidl1eF3Q6CHlA74DuVWNdWyLjPqruidNn2pLM_z7v4dZGj5Ww8uOk8mYgxgTEw-DcankFiSjCFejyEF671YJCRHxFZY0HhkGLus3h-20Td5:1otCpv:Ylp9Koaf-GKvw9FFiZM4SGnOeIpiKdHi15ftHRwWN7o",
    "expire_date": "2022-11-24T19:03:39.054Z"
  }
},
{
  "model": "sessions.session",
  "pk": "vkp99od0k89i8mxkdtbdiaw42qf79fig",
  "fields": {
    "session_data": ".eJxVjDkOwjAUBe_iGllegu1Q0nOG6G_gALKlOKkQdwdLKaB9M_NeaoJtzdPWZJlmVidl1eF3Q6CHlA74DuVWNdWyLjPqruidNn2pLM_z7v4dZGj5Ww8uOk8mYgxgTEw-DcankFiSjCFejyEF671YJCRHxFZY0HhkGLus3h-20Td5:1opRg6:39VE231aGz5F0WZMXmQLcCxtUa82jSSgaiHGzKzYZA8",
    "expire_date": "2022-11-14T10:05:58.984Z"
  }
},
{
  "model": "sessions.session",
  "pk": "vxdlawr7t3pttpj8uaz0bey37p1w2cvy",
  "fields": {
    "session_data": ".eJxVjDkOwjAUBe_iGllegu1Q0nOG6G_gALKlOKkQdwdLKaB9M_NeaoJtzdPWZJlmVidl1eF3Q6CHlA74DuVWNdWyLjPqruidNn2pLM_z7v4dZGj5Ww8uOk8mYgxgTEw-DcankFiSjCFejyEF671YJCRHxFZY0HhkGLus3h-20Td5:1ozLHS:BVKGw1z5XEhnlTWSaoLN6FMEW7kY2HYCybTF64xP_sA",
    "expire_date": "2022-12-11T17:17:26.265Z"
  }
},
{
  "model": "sessions.session",
  "pk": "yjwclaph81768umnrsn9by5wwri4927m",
  "fields": {
    "session_data": ".eJxVjDkOwjAUBe_iGllegu1Q0nOG6G_gALKlOKkQdwdLKaB9M_NeaoJtzdPWZJlmVidl1eF3Q6CHlA74DuVWNdWyLjPqruidNn2pLM_z7v4dZGj5Ww8uOk8mYgxgTEw-DcankFiSjCFejyEF671YJCRHxFZY0HhkGLus3h-20Td5:1p0nts:ZD0iwW0aGqgpuRGzoGHOPt-XCspOJZTlyoKbHDsfdGw",
    "expire_date": "2022-12-15T18:03:08.928Z"
  }
},
{
  "model": "easy_thumbnails.source",
  "pk": 1,
  "fields": {
    "storage_hash": "f9bde26a1556cd667f742bd34ec7c55e",
    "name": "profile_pics/Портрет_агронома_М.Е._Вьюнникова_124zc1i.jpg",
    "modified": "2022-12-02T22:09:30.203Z"
  }
},
{
  "model": "easy_thumbnails.source",
  "pk": 2,
  "fields": {
    "storage_hash": "f9bde26a1556cd667f742bd34ec7c55e",
    "name": "media/default.jpg",
    "modified": "2022-12-02T22:09:30.320Z"
  }
},
{
  "model": "easy_thumbnails.thumbnail",
  "pk": 1,
  "fields": {
    "storage_hash": "d26becbf46ac48eda79c7a39a13a02dd",
    "name": "profile_pics\\Портрет_агронома_М.Е._Вьюнникова_124zc1i.jpg.80x80_q85_crop-100%.jpg",
    "modified": "2022-12-02T22:09:30.221Z",
    "source": 1
  }
},
{
  "model": "easy_thumbnails.thumbnail",
  "pk": 2,
  "fields": {
    "storage_hash": "d26becbf46ac48eda79c7a39a13a02dd",
    "name": "media\\default.jpg.80x80_q85_crop-100%.jpg",
    "modified": "2022-12-02T22:09:30.331Z",
    "source": 2
  }
}
]
